AMBIENTE;MODULO_CODIGO;MODULO_DESCRICAO;MODULO_QTD;TIPO;CODIGO;DESCRICAO;MATERIAL;COMPRIMENTO;LARGURA;ESPESSURA;QUANTIDADE;VEIO;FITA_C1;FITA_C2;FITA_L1;FITA_L2;USINAGEM;UNIDADE
Cozinha;BAL-800;Balcão 2 portas 800;1;PECA;LAT;Lateral;MDF-BR-18;720;560;18;2;N;FT-BR-22;;;;LAT-BAL-720.mpr;
Cozinha;BAL-800;Balcão 2 portas 800;1;PECA;BASE;Base;MDF-BR-18;764;560;18;1;N;FT-BR-22;;;;BASE-BAL.mpr;
Cozinha;BAL-800;Balcão 2 portas 800;1;PECA;FUNDO;Fundo;MDF-BR-6;750;710;6;1;N;;;;;;
Cozinha;BAL-800;Balcão 2 portas 800;1;PECA;PORTA;Porta;MDF-FREIJO-18;716;397;18;2;S;FT-FREIJO-22;FT-FREIJO-22;FT-FREIJO-22;FT-FREIJO-22;PORTA-DOB.mpr;
Cozinha;BAL-800;Balcão 2 portas 800;1;ITEM;DOB;Dobradiça 35mm amortecida;DOB-35-AMORT;;;;4;;;;;;;UN
Cozinha;BAL-800;Balcão 2 portas 800;1;ITEM;PUX;Puxador perfil 160mm;PUX-160;;;;2;;;;;;;UN
Cozinha;AER-800;Aéreo 2 portas 800;2;PECA;LAT;Lateral;MDF-BR-18;700;330;18;2;N;FT-BR-22;;;;LAT-AER.mpr;
Cozinha;AER-800;Aéreo 2 portas 800;2;PECA;PORTA;Porta;MDF-FREIJO-18;696;397;18;2;S;FT-FREIJO-22;FT-FREIJO-22;FT-FREIJO-22;FT-FREIJO-22;PORTA-DOB.mpr;
Cozinha;AER-800;Aéreo 2 portas 800;2;ITEM;DOB;Dobradiça 35mm amortecida;DOB-35-AMORT;;;;4;;;;;;;UN
